opened_at,business_name,original_phone,normalized_phone,whatsapp_url,message_char_count,status,notes
2026-06-19T17:10:22,Clinica Dental Muelitas,525572342564,525572342564,https://wa.me/525572342564?text=Hola%2C%20buen%20d%C3%ADa.%0A%0ASomos%20Nexo%20Local%20Studio.%20Hacemos%20p%C3%A1ginas%20web%20r%C3%A1pidas%20y%20profesionales%20para%20negocios%20locales%2C%20conectadas%20a%20WhatsApp%2C%20ubicaci%C3%B3n%20y%20formularios.%0A%0APueden%20ver%20nuestra%20p%C3%A1gina%20aqu%C3%AD%3A%0Ahttps%3A%2F%2Fnexo-local-studio-public.vercel.app%0A%0ATenemos%20precios%20de%20lanzamiento%20desde%20%242%2C500%20MXN.%0A%0ASi%20les%20interesa%2C%20podemos%20enviarles%20una%20propuesta%20breve.%20Si%20prefieren%20no%20recibir%20m%C3%A1s%20mensajes%2C%20pueden%20responder%20%E2%80%9Cbaja%E2%80%9D.,403,opened,Verification status: not_verified
2026-06-19T17:10:22,Clínica De Especialidades Dentales,525582841112,525582841112,https://wa.me/525582841112?text=Hola%2C%20buen%20d%C3%ADa.%0A%0ASomos%20Nexo%20Local%20Studio.%20Hacemos%20p%C3%A1ginas%20web%20r%C3%A1pidas%20y%20profesionales%20para%20negocios%20locales%2C%20conectadas%20a%20WhatsApp%2C%20ubicaci%C3%B3n%20y%20formularios.%0A%0APueden%20ver%20nuestra%20p%C3%A1gina%20aqu%C3%AD%3A%0Ahttps%3A%2F%2Fnexo-local-studio-public.vercel.app%0A%0ATenemos%20precios%20de%20lanzamiento%20desde%20%242%2C500%20MXN.%0A%0ASi%20les%20interesa%2C%20podemos%20enviarles%20una%20propuesta%20breve.%20Si%20prefieren%20no%20recibir%20m%C3%A1s%20mensajes%2C%20pueden%20responder%20%E2%80%9Cbaja%E2%80%9D.,403,opened,Verification status: not_verified
2026-06-19T17:10:22,"Consultorio ""Estudio dental""",525529087101,525529087101,https://wa.me/525529087101?text=Hola%2C%20buen%20d%C3%ADa.%0A%0ASomos%20Nexo%20Local%20Studio.%20Hacemos%20p%C3%A1ginas%20web%20r%C3%A1pidas%20y%20profesionales%20para%20negocios%20locales%2C%20conectadas%20a%20WhatsApp%2C%20ubicaci%C3%B3n%20y%20formularios.%0A%0APueden%20ver%20nuestra%20p%C3%A1gina%20aqu%C3%AD%3A%0Ahttps%3A%2F%2Fnexo-local-studio-public.vercel.app%0A%0ATenemos%20precios%20de%20lanzamiento%20desde%20%242%2C500%20MXN.%0A%0ASi%20les%20interesa%2C%20podemos%20enviarles%20una%20propuesta%20breve.%20Si%20prefieren%20no%20recibir%20m%C3%A1s%20mensajes%2C%20pueden%20responder%20%E2%80%9Cbaja%E2%80%9D.,403,opened,Verification status: not_verified
2026-06-19T17:10:22,Consultorio Dental Alfa Y Omega,525547863775,525547863775,https://wa.me/525547863775?text=Hola%2C%20buen%20d%C3%ADa.%0A%0ASomos%20Nexo%20Local%20Studio.%20Hacemos%20p%C3%A1ginas%20web%20r%C3%A1pidas%20y%20profesionales%20para%20negocios%20locales%2C%20conectadas%20a%20WhatsApp%2C%20ubicaci%C3%B3n%20y%20formularios.%0A%0APueden%20ver%20nuestra%20p%C3%A1gina%20aqu%C3%AD%3A%0Ahttps%3A%2F%2Fnexo-local-studio-public.vercel.app%0A%0ATenemos%20precios%20de%20lanzamiento%20desde%20%242%2C500%20MXN.%0A%0ASi%20les%20interesa%2C%20podemos%20enviarles%20una%20propuesta%20breve.%20Si%20prefieren%20no%20recibir%20m%C3%A1s%20mensajes%2C%20pueden%20responder%20%E2%80%9Cbaja%E2%80%9D.,403,opened,Verification status: not_verified
2026-06-19T17:10:22,Consultorio Dental Cyty,525582840023,525582840023,https://wa.me/525582840023?text=Hola%2C%20buen%20d%C3%ADa.%0A%0ASomos%20Nexo%20Local%20Studio.%20Hacemos%20p%C3%A1ginas%20web%20r%C3%A1pidas%20y%20profesionales%20para%20negocios%20locales%2C%20conectadas%20a%20WhatsApp%2C%20ubicaci%C3%B3n%20y%20formularios.%0A%0APueden%20ver%20nuestra%20p%C3%A1gina%20aqu%C3%AD%3A%0Ahttps%3A%2F%2Fnexo-local-studio-public.vercel.app%0A%0ATenemos%20precios%20de%20lanzamiento%20desde%20%242%2C500%20MXN.%0A%0ASi%20les%20interesa%2C%20podemos%20enviarles%20una%20propuesta%20breve.%20Si%20prefieren%20no%20recibir%20m%C3%A1s%20mensajes%2C%20pueden%20responder%20%E2%80%9Cbaja%E2%80%9D.,403,opened,Verification status: not_verified
2026-06-19T17:10:22,Consultorio Dental Garden,525580990629,525580990629,https://wa.me/525580990629?text=Hola%2C%20buen%20d%C3%ADa.%0A%0ASomos%20Nexo%20Local%20Studio.%20Hacemos%20p%C3%A1ginas%20web%20r%C3%A1pidas%20y%20profesionales%20para%20negocios%20locales%2C%20conectadas%20a%20WhatsApp%2C%20ubicaci%C3%B3n%20y%20formularios.%0A%0APueden%20ver%20nuestra%20p%C3%A1gina%20aqu%C3%AD%3A%0Ahttps%3A%2F%2Fnexo-local-studio-public.vercel.app%0A%0ATenemos%20precios%20de%20lanzamiento%20desde%20%242%2C500%20MXN.%0A%0ASi%20les%20interesa%2C%20podemos%20enviarles%20una%20propuesta%20breve.%20Si%20prefieren%20no%20recibir%20m%C3%A1s%20mensajes%2C%20pueden%20responder%20%E2%80%9Cbaja%E2%80%9D.,403,opened,Verification status: not_verified
2026-06-19T17:10:22,Consultorio Dental Integral,525522704039,525522704039,https://wa.me/525522704039?text=Hola%2C%20buen%20d%C3%ADa.%0A%0ASomos%20Nexo%20Local%20Studio.%20Hacemos%20p%C3%A1ginas%20web%20r%C3%A1pidas%20y%20profesionales%20para%20negocios%20locales%2C%20conectadas%20a%20WhatsApp%2C%20ubicaci%C3%B3n%20y%20formularios.%0A%0APueden%20ver%20nuestra%20p%C3%A1gina%20aqu%C3%AD%3A%0Ahttps%3A%2F%2Fnexo-local-studio-public.vercel.app%0A%0ATenemos%20precios%20de%20lanzamiento%20desde%20%242%2C500%20MXN.%0A%0ASi%20les%20interesa%2C%20podemos%20enviarles%20una%20propuesta%20breve.%20Si%20prefieren%20no%20recibir%20m%C3%A1s%20mensajes%2C%20pueden%20responder%20%E2%80%9Cbaja%E2%80%9D.,403,opened,Verification status: not_verified
2026-06-19T17:10:22,Consultorio Dental Jacarandas,525539440639,525539440639,https://wa.me/525539440639?text=Hola%2C%20buen%20d%C3%ADa.%0A%0ASomos%20Nexo%20Local%20Studio.%20Hacemos%20p%C3%A1ginas%20web%20r%C3%A1pidas%20y%20profesionales%20para%20negocios%20locales%2C%20conectadas%20a%20WhatsApp%2C%20ubicaci%C3%B3n%20y%20formularios.%0A%0APueden%20ver%20nuestra%20p%C3%A1gina%20aqu%C3%AD%3A%0Ahttps%3A%2F%2Fnexo-local-studio-public.vercel.app%0A%0ATenemos%20precios%20de%20lanzamiento%20desde%20%242%2C500%20MXN.%0A%0ASi%20les%20interesa%2C%20podemos%20enviarles%20una%20propuesta%20breve.%20Si%20prefieren%20no%20recibir%20m%C3%A1s%20mensajes%2C%20pueden%20responder%20%E2%80%9Cbaja%E2%80%9D.,403,opened,Verification status: not_verified
2026-06-19T17:10:22,Consultorio Dental Kenco,525548072331,525548072331,https://wa.me/525548072331?text=Hola%2C%20buen%20d%C3%ADa.%0A%0ASomos%20Nexo%20Local%20Studio.%20Hacemos%20p%C3%A1ginas%20web%20r%C3%A1pidas%20y%20profesionales%20para%20negocios%20locales%2C%20conectadas%20a%20WhatsApp%2C%20ubicaci%C3%B3n%20y%20formularios.%0A%0APueden%20ver%20nuestra%20p%C3%A1gina%20aqu%C3%AD%3A%0Ahttps%3A%2F%2Fnexo-local-studio-public.vercel.app%0A%0ATenemos%20precios%20de%20lanzamiento%20desde%20%242%2C500%20MXN.%0A%0ASi%20les%20interesa%2C%20podemos%20enviarles%20una%20propuesta%20breve.%20Si%20prefieren%20no%20recibir%20m%C3%A1s%20mensajes%2C%20pueden%20responder%20%E2%80%9Cbaja%E2%80%9D.,403,opened,Verification status: not_verified
2026-06-19T17:10:22,Consultorio Dental Tu Sonrisa,525591030575,525591030575,https://wa.me/525591030575?text=Hola%2C%20buen%20d%C3%ADa.%0A%0ASomos%20Nexo%20Local%20Studio.%20Hacemos%20p%C3%A1ginas%20web%20r%C3%A1pidas%20y%20profesionales%20para%20negocios%20locales%2C%20conectadas%20a%20WhatsApp%2C%20ubicaci%C3%B3n%20y%20formularios.%0A%0APueden%20ver%20nuestra%20p%C3%A1gina%20aqu%C3%AD%3A%0Ahttps%3A%2F%2Fnexo-local-studio-public.vercel.app%0A%0ATenemos%20precios%20de%20lanzamiento%20desde%20%242%2C500%20MXN.%0A%0ASi%20les%20interesa%2C%20podemos%20enviarles%20una%20propuesta%20breve.%20Si%20prefieren%20no%20recibir%20m%C3%A1s%20mensajes%2C%20pueden%20responder%20%E2%80%9Cbaja%E2%80%9D.,403,opened,Verification status: not_verified
2026-06-19T17:10:22,Consultorio Dental Unam,525519167672,525519167672,https://wa.me/525519167672?text=Hola%2C%20buen%20d%C3%ADa.%0A%0ASomos%20Nexo%20Local%20Studio.%20Hacemos%20p%C3%A1ginas%20web%20r%C3%A1pidas%20y%20profesionales%20para%20negocios%20locales%2C%20conectadas%20a%20WhatsApp%2C%20ubicaci%C3%B3n%20y%20formularios.%0A%0APueden%20ver%20nuestra%20p%C3%A1gina%20aqu%C3%AD%3A%0Ahttps%3A%2F%2Fnexo-local-studio-public.vercel.app%0A%0ATenemos%20precios%20de%20lanzamiento%20desde%20%242%2C500%20MXN.%0A%0ASi%20les%20interesa%2C%20podemos%20enviarles%20una%20propuesta%20breve.%20Si%20prefieren%20no%20recibir%20m%C3%A1s%20mensajes%2C%20pueden%20responder%20%E2%80%9Cbaja%E2%80%9D.,403,opened,Verification status: not_verified
2026-06-19T17:10:22,Consultorio Dental Velasco,525510090032,525510090032,https://wa.me/525510090032?text=Hola%2C%20buen%20d%C3%ADa.%0A%0ASomos%20Nexo%20Local%20Studio.%20Hacemos%20p%C3%A1ginas%20web%20r%C3%A1pidas%20y%20profesionales%20para%20negocios%20locales%2C%20conectadas%20a%20WhatsApp%2C%20ubicaci%C3%B3n%20y%20formularios.%0A%0APueden%20ver%20nuestra%20p%C3%A1gina%20aqu%C3%AD%3A%0Ahttps%3A%2F%2Fnexo-local-studio-public.vercel.app%0A%0ATenemos%20precios%20de%20lanzamiento%20desde%20%242%2C500%20MXN.%0A%0ASi%20les%20interesa%2C%20podemos%20enviarles%20una%20propuesta%20breve.%20Si%20prefieren%20no%20recibir%20m%C3%A1s%20mensajes%2C%20pueden%20responder%20%E2%80%9Cbaja%E2%80%9D.,403,opened,Verification status: not_verified
2026-06-19T17:10:22,Consultorio Dental Visu Dent,525564624882,525564624882,https://wa.me/525564624882?text=Hola%2C%20buen%20d%C3%ADa.%0A%0ASomos%20Nexo%20Local%20Studio.%20Hacemos%20p%C3%A1ginas%20web%20r%C3%A1pidas%20y%20profesionales%20para%20negocios%20locales%2C%20conectadas%20a%20WhatsApp%2C%20ubicaci%C3%B3n%20y%20formularios.%0A%0APueden%20ver%20nuestra%20p%C3%A1gina%20aqu%C3%AD%3A%0Ahttps%3A%2F%2Fnexo-local-studio-public.vercel.app%0A%0ATenemos%20precios%20de%20lanzamiento%20desde%20%242%2C500%20MXN.%0A%0ASi%20les%20interesa%2C%20podemos%20enviarles%20una%20propuesta%20breve.%20Si%20prefieren%20no%20recibir%20m%C3%A1s%20mensajes%2C%20pueden%20responder%20%E2%80%9Cbaja%E2%80%9D.,403,opened,Verification status: not_verified
2026-06-19T17:10:22,Consultorio Y Estetica Dental,525582842977,525582842977,https://wa.me/525582842977?text=Hola%2C%20buen%20d%C3%ADa.%0A%0ASomos%20Nexo%20Local%20Studio.%20Hacemos%20p%C3%A1ginas%20web%20r%C3%A1pidas%20y%20profesionales%20para%20negocios%20locales%2C%20conectadas%20a%20WhatsApp%2C%20ubicaci%C3%B3n%20y%20formularios.%0A%0APueden%20ver%20nuestra%20p%C3%A1gina%20aqu%C3%AD%3A%0Ahttps%3A%2F%2Fnexo-local-studio-public.vercel.app%0A%0ATenemos%20precios%20de%20lanzamiento%20desde%20%242%2C500%20MXN.%0A%0ASi%20les%20interesa%2C%20podemos%20enviarles%20una%20propuesta%20breve.%20Si%20prefieren%20no%20recibir%20m%C3%A1s%20mensajes%2C%20pueden%20responder%20%E2%80%9Cbaja%E2%80%9D.,403,opened,Verification status: not_verified
2026-06-19T17:10:22,Dental Aesthetics,525552950272,525552950272,https://wa.me/525552950272?text=Hola%2C%20buen%20d%C3%ADa.%0A%0ASomos%20Nexo%20Local%20Studio.%20Hacemos%20p%C3%A1ginas%20web%20r%C3%A1pidas%20y%20profesionales%20para%20negocios%20locales%2C%20conectadas%20a%20WhatsApp%2C%20ubicaci%C3%B3n%20y%20formularios.%0A%0APueden%20ver%20nuestra%20p%C3%A1gina%20aqu%C3%AD%3A%0Ahttps%3A%2F%2Fnexo-local-studio-public.vercel.app%0A%0ATenemos%20precios%20de%20lanzamiento%20desde%20%242%2C500%20MXN.%0A%0ASi%20les%20interesa%2C%20podemos%20enviarles%20una%20propuesta%20breve.%20Si%20prefieren%20no%20recibir%20m%C3%A1s%20mensajes%2C%20pueden%20responder%20%E2%80%9Cbaja%E2%80%9D.,403,opened,Verification status: not_verified
2026-06-19T17:10:22,Dental Ali,525562055230,525562055230,https://wa.me/525562055230?text=Hola%2C%20buen%20d%C3%ADa.%0A%0ASomos%20Nexo%20Local%20Studio.%20Hacemos%20p%C3%A1ginas%20web%20r%C3%A1pidas%20y%20profesionales%20para%20negocios%20locales%2C%20conectadas%20a%20WhatsApp%2C%20ubicaci%C3%B3n%20y%20formularios.%0A%0APueden%20ver%20nuestra%20p%C3%A1gina%20aqu%C3%AD%3A%0Ahttps%3A%2F%2Fnexo-local-studio-public.vercel.app%0A%0ATenemos%20precios%20de%20lanzamiento%20desde%20%242%2C500%20MXN.%0A%0ASi%20les%20interesa%2C%20podemos%20enviarles%20una%20propuesta%20breve.%20Si%20prefieren%20no%20recibir%20m%C3%A1s%20mensajes%2C%20pueden%20responder%20%E2%80%9Cbaja%E2%80%9D.,403,opened,Verification status: not_verified
2026-06-19T17:10:22,Walking Pet's Clínica Veterinaria,523314531319,523314531319,https://wa.me/523314531319?text=Hola%2C%20buen%20d%C3%ADa.%0A%0ASomos%20Nexo%20Local%20Studio.%20Hacemos%20p%C3%A1ginas%20web%20r%C3%A1pidas%20y%20profesionales%20para%20negocios%20locales%2C%20conectadas%20a%20WhatsApp%2C%20ubicaci%C3%B3n%20y%20formularios.%0A%0APueden%20ver%20nuestra%20p%C3%A1gina%20aqu%C3%AD%3A%0Ahttps%3A%2F%2Fnexo-local-studio-public.vercel.app%0A%0ATenemos%20precios%20de%20lanzamiento%20desde%20%242%2C500%20MXN.%0A%0ASi%20les%20interesa%2C%20podemos%20enviarles%20una%20propuesta%20breve.%20Si%20prefieren%20no%20recibir%20m%C3%A1s%20mensajes%2C%20pueden%20responder%20%E2%80%9Cbaja%E2%80%9D.,403,opened,Verification status: not_verified
2026-06-19T17:10:22,Clinica Veterinaria Pegaso,524422142573,524422142573,https://wa.me/524422142573?text=Hola%2C%20buen%20d%C3%ADa.%0A%0ASomos%20Nexo%20Local%20Studio.%20Hacemos%20p%C3%A1ginas%20web%20r%C3%A1pidas%20y%20profesionales%20para%20negocios%20locales%2C%20conectadas%20a%20WhatsApp%2C%20ubicaci%C3%B3n%20y%20formularios.%0A%0APueden%20ver%20nuestra%20p%C3%A1gina%20aqu%C3%AD%3A%0Ahttps%3A%2F%2Fnexo-local-studio-public.vercel.app%0A%0ATenemos%20precios%20de%20lanzamiento%20desde%20%242%2C500%20MXN.%0A%0ASi%20les%20interesa%2C%20podemos%20enviarles%20una%20propuesta%20breve.%20Si%20prefieren%20no%20recibir%20m%C3%A1s%20mensajes%2C%20pueden%20responder%20%E2%80%9Cbaja%E2%80%9D.,403,opened,Verification status: not_verified
2026-06-19T17:10:22,La Casa de los Animales,529991774818,529991774818,https://wa.me/529991774818?text=Hola%2C%20buen%20d%C3%ADa.%0A%0ASomos%20Nexo%20Local%20Studio.%20Hacemos%20p%C3%A1ginas%20web%20r%C3%A1pidas%20y%20profesionales%20para%20negocios%20locales%2C%20conectadas%20a%20WhatsApp%2C%20ubicaci%C3%B3n%20y%20formularios.%0A%0APueden%20ver%20nuestra%20p%C3%A1gina%20aqu%C3%AD%3A%0Ahttps%3A%2F%2Fnexo-local-studio-public.vercel.app%0A%0ATenemos%20precios%20de%20lanzamiento%20desde%20%242%2C500%20MXN.%0A%0ASi%20les%20interesa%2C%20podemos%20enviarles%20una%20propuesta%20breve.%20Si%20prefieren%20no%20recibir%20m%C3%A1s%20mensajes%2C%20pueden%20responder%20%E2%80%9Cbaja%E2%80%9D.,403,opened,Verification status: not_verified
2026-06-19T17:10:22,Misión Animal,529991833102,529991833102,https://wa.me/529991833102?text=Hola%2C%20buen%20d%C3%ADa.%0A%0ASomos%20Nexo%20Local%20Studio.%20Hacemos%20p%C3%A1ginas%20web%20r%C3%A1pidas%20y%20profesionales%20para%20negocios%20locales%2C%20conectadas%20a%20WhatsApp%2C%20ubicaci%C3%B3n%20y%20formularios.%0A%0APueden%20ver%20nuestra%20p%C3%A1gina%20aqu%C3%AD%3A%0Ahttps%3A%2F%2Fnexo-local-studio-public.vercel.app%0A%0ATenemos%20precios%20de%20lanzamiento%20desde%20%242%2C500%20MXN.%0A%0ASi%20les%20interesa%2C%20podemos%20enviarles%20una%20propuesta%20breve.%20Si%20prefieren%20no%20recibir%20m%C3%A1s%20mensajes%2C%20pueden%20responder%20%E2%80%9Cbaja%E2%80%9D.,403,opened,Verification status: not_verified
2026-06-19T17:10:22,Aztlan,524421934702,524421934702,https://wa.me/524421934702?text=Hola%2C%20buen%20d%C3%ADa.%0A%0ASomos%20Nexo%20Local%20Studio.%20Hacemos%20p%C3%A1ginas%20web%20r%C3%A1pidas%20y%20profesionales%20para%20negocios%20locales%2C%20conectadas%20a%20WhatsApp%2C%20ubicaci%C3%B3n%20y%20formularios.%0A%0APueden%20ver%20nuestra%20p%C3%A1gina%20aqu%C3%AD%3A%0Ahttps%3A%2F%2Fnexo-local-studio-public.vercel.app%0A%0ATenemos%20precios%20de%20lanzamiento%20desde%20%242%2C500%20MXN.%0A%0ASi%20les%20interesa%2C%20podemos%20enviarles%20una%20propuesta%20breve.%20Si%20prefieren%20no%20recibir%20m%C3%A1s%20mensajes%2C%20pueden%20responder%20%E2%80%9Cbaja%E2%80%9D.,403,opened,Verification status: not_verified
2026-06-19T17:10:22,PetSet,524424958600,524424958600,https://wa.me/524424958600?text=Hola%2C%20buen%20d%C3%ADa.%0A%0ASomos%20Nexo%20Local%20Studio.%20Hacemos%20p%C3%A1ginas%20web%20r%C3%A1pidas%20y%20profesionales%20para%20negocios%20locales%2C%20conectadas%20a%20WhatsApp%2C%20ubicaci%C3%B3n%20y%20formularios.%0A%0APueden%20ver%20nuestra%20p%C3%A1gina%20aqu%C3%AD%3A%0Ahttps%3A%2F%2Fnexo-local-studio-public.vercel.app%0A%0ATenemos%20precios%20de%20lanzamiento%20desde%20%242%2C500%20MXN.%0A%0ASi%20les%20interesa%2C%20podemos%20enviarles%20una%20propuesta%20breve.%20Si%20prefieren%20no%20recibir%20m%C3%A1s%20mensajes%2C%20pueden%20responder%20%E2%80%9Cbaja%E2%80%9D.,403,opened,Verification status: not_verified
2026-06-19T17:10:22,Borzoi Clínica Veterinaria,523336735680,523336735680,https://wa.me/523336735680?text=Hola%2C%20buen%20d%C3%ADa.%0A%0ASomos%20Nexo%20Local%20Studio.%20Hacemos%20p%C3%A1ginas%20web%20r%C3%A1pidas%20y%20profesionales%20para%20negocios%20locales%2C%20conectadas%20a%20WhatsApp%2C%20ubicaci%C3%B3n%20y%20formularios.%0A%0APueden%20ver%20nuestra%20p%C3%A1gina%20aqu%C3%AD%3A%0Ahttps%3A%2F%2Fnexo-local-studio-public.vercel.app%0A%0ATenemos%20precios%20de%20lanzamiento%20desde%20%242%2C500%20MXN.%0A%0ASi%20les%20interesa%2C%20podemos%20enviarles%20una%20propuesta%20breve.%20Si%20prefieren%20no%20recibir%20m%C3%A1s%20mensajes%2C%20pueden%20responder%20%E2%80%9Cbaja%E2%80%9D.,403,opened,Verification status: not_verified
2026-06-19T17:10:22,Charlotte Pets,523318151001,523318151001,https://wa.me/523318151001?text=Hola%2C%20buen%20d%C3%ADa.%0A%0ASomos%20Nexo%20Local%20Studio.%20Hacemos%20p%C3%A1ginas%20web%20r%C3%A1pidas%20y%20profesionales%20para%20negocios%20locales%2C%20conectadas%20a%20WhatsApp%2C%20ubicaci%C3%B3n%20y%20formularios.%0A%0APueden%20ver%20nuestra%20p%C3%A1gina%20aqu%C3%AD%3A%0Ahttps%3A%2F%2Fnexo-local-studio-public.vercel.app%0A%0ATenemos%20precios%20de%20lanzamiento%20desde%20%242%2C500%20MXN.%0A%0ASi%20les%20interesa%2C%20podemos%20enviarles%20una%20propuesta%20breve.%20Si%20prefieren%20no%20recibir%20m%C3%A1s%20mensajes%2C%20pueden%20responder%20%E2%80%9Cbaja%E2%80%9D.,403,opened,Verification status: not_verified
2026-06-19T17:10:22,Clinica Veterinaria San Gabriel,523338323529,523338323529,https://wa.me/523338323529?text=Hola%2C%20buen%20d%C3%ADa.%0A%0ASomos%20Nexo%20Local%20Studio.%20Hacemos%20p%C3%A1ginas%20web%20r%C3%A1pidas%20y%20profesionales%20para%20negocios%20locales%2C%20conectadas%20a%20WhatsApp%2C%20ubicaci%C3%B3n%20y%20formularios.%0A%0APueden%20ver%20nuestra%20p%C3%A1gina%20aqu%C3%AD%3A%0Ahttps%3A%2F%2Fnexo-local-studio-public.vercel.app%0A%0ATenemos%20precios%20de%20lanzamiento%20desde%20%242%2C500%20MXN.%0A%0ASi%20les%20interesa%2C%20podemos%20enviarles%20una%20propuesta%20breve.%20Si%20prefieren%20no%20recibir%20m%C3%A1s%20mensajes%2C%20pueden%20responder%20%E2%80%9Cbaja%E2%80%9D.,403,opened,Verification status: not_verified
2026-06-19T17:10:22,Clinican,523335690431,523335690431,https://wa.me/523335690431?text=Hola%2C%20buen%20d%C3%ADa.%0A%0ASomos%20Nexo%20Local%20Studio.%20Hacemos%20p%C3%A1ginas%20web%20r%C3%A1pidas%20y%20profesionales%20para%20negocios%20locales%2C%20conectadas%20a%20WhatsApp%2C%20ubicaci%C3%B3n%20y%20formularios.%0A%0APueden%20ver%20nuestra%20p%C3%A1gina%20aqu%C3%AD%3A%0Ahttps%3A%2F%2Fnexo-local-studio-public.vercel.app%0A%0ATenemos%20precios%20de%20lanzamiento%20desde%20%242%2C500%20MXN.%0A%0ASi%20les%20interesa%2C%20podemos%20enviarles%20una%20propuesta%20breve.%20Si%20prefieren%20no%20recibir%20m%C3%A1s%20mensajes%2C%20pueden%20responder%20%E2%80%9Cbaja%E2%80%9D.,403,opened,Verification status: not_verified
2026-06-19T17:10:22,Optica Mexico,525552742443,525552742443,https://wa.me/525552742443?text=Hola%2C%20buen%20d%C3%ADa.%0A%0ASomos%20Nexo%20Local%20Studio.%20Hacemos%20p%C3%A1ginas%20web%20r%C3%A1pidas%20y%20profesionales%20para%20negocios%20locales%2C%20conectadas%20a%20WhatsApp%2C%20ubicaci%C3%B3n%20y%20formularios.%0A%0APueden%20ver%20nuestra%20p%C3%A1gina%20aqu%C3%AD%3A%0Ahttps%3A%2F%2Fnexo-local-studio-public.vercel.app%0A%0ATenemos%20precios%20de%20lanzamiento%20desde%20%242%2C500%20MXN.%0A%0ASi%20les%20interesa%2C%20podemos%20enviarles%20una%20propuesta%20breve.%20Si%20prefieren%20no%20recibir%20m%C3%A1s%20mensajes%2C%20pueden%20responder%20%E2%80%9Cbaja%E2%80%9D.,403,opened,Verification status: not_verified
2026-06-19T17:10:22,Optica Garcia,522222478698,522222478698,https://wa.me/522222478698?text=Hola%2C%20buen%20d%C3%ADa.%0A%0ASomos%20Nexo%20Local%20Studio.%20Hacemos%20p%C3%A1ginas%20web%20r%C3%A1pidas%20y%20profesionales%20para%20negocios%20locales%2C%20conectadas%20a%20WhatsApp%2C%20ubicaci%C3%B3n%20y%20formularios.%0A%0APueden%20ver%20nuestra%20p%C3%A1gina%20aqu%C3%AD%3A%0Ahttps%3A%2F%2Fnexo-local-studio-public.vercel.app%0A%0ATenemos%20precios%20de%20lanzamiento%20desde%20%242%2C500%20MXN.%0A%0ASi%20les%20interesa%2C%20podemos%20enviarles%20una%20propuesta%20breve.%20Si%20prefieren%20no%20recibir%20m%C3%A1s%20mensajes%2C%20pueden%20responder%20%E2%80%9Cbaja%E2%80%9D.,403,opened,Verification status: not_verified
2026-06-19T17:10:22,Optica Gufer,522222478080,522222478080,https://wa.me/522222478080?text=Hola%2C%20buen%20d%C3%ADa.%0A%0ASomos%20Nexo%20Local%20Studio.%20Hacemos%20p%C3%A1ginas%20web%20r%C3%A1pidas%20y%20profesionales%20para%20negocios%20locales%2C%20conectadas%20a%20WhatsApp%2C%20ubicaci%C3%B3n%20y%20formularios.%0A%0APueden%20ver%20nuestra%20p%C3%A1gina%20aqu%C3%AD%3A%0Ahttps%3A%2F%2Fnexo-local-studio-public.vercel.app%0A%0ATenemos%20precios%20de%20lanzamiento%20desde%20%242%2C500%20MXN.%0A%0ASi%20les%20interesa%2C%20podemos%20enviarles%20una%20propuesta%20breve.%20Si%20prefieren%20no%20recibir%20m%C3%A1s%20mensajes%2C%20pueden%20responder%20%E2%80%9Cbaja%E2%80%9D.,403,opened,Verification status: not_verified
2026-06-19T17:10:22,Optilent,522224086790,522224086790,https://wa.me/522224086790?text=Hola%2C%20buen%20d%C3%ADa.%0A%0ASomos%20Nexo%20Local%20Studio.%20Hacemos%20p%C3%A1ginas%20web%20r%C3%A1pidas%20y%20profesionales%20para%20negocios%20locales%2C%20conectadas%20a%20WhatsApp%2C%20ubicaci%C3%B3n%20y%20formularios.%0A%0APueden%20ver%20nuestra%20p%C3%A1gina%20aqu%C3%AD%3A%0Ahttps%3A%2F%2Fnexo-local-studio-public.vercel.app%0A%0ATenemos%20precios%20de%20lanzamiento%20desde%20%242%2C500%20MXN.%0A%0ASi%20les%20interesa%2C%20podemos%20enviarles%20una%20propuesta%20breve.%20Si%20prefieren%20no%20recibir%20m%C3%A1s%20mensajes%2C%20pueden%20responder%20%E2%80%9Cbaja%E2%80%9D.,403,opened,Verification status: not_verified
2026-06-19T17:10:22,Óptica Massari Cholula,522212236020,522212236020,https://wa.me/522212236020?text=Hola%2C%20buen%20d%C3%ADa.%0A%0ASomos%20Nexo%20Local%20Studio.%20Hacemos%20p%C3%A1ginas%20web%20r%C3%A1pidas%20y%20profesionales%20para%20negocios%20locales%2C%20conectadas%20a%20WhatsApp%2C%20ubicaci%C3%B3n%20y%20formularios.%0A%0APueden%20ver%20nuestra%20p%C3%A1gina%20aqu%C3%AD%3A%0Ahttps%3A%2F%2Fnexo-local-studio-public.vercel.app%0A%0ATenemos%20precios%20de%20lanzamiento%20desde%20%242%2C500%20MXN.%0A%0ASi%20les%20interesa%2C%20podemos%20enviarles%20una%20propuesta%20breve.%20Si%20prefieren%20no%20recibir%20m%C3%A1s%20mensajes%2C%20pueden%20responder%20%E2%80%9Cbaja%E2%80%9D.,403,opened,Verification status: not_verified
2026-06-19T17:10:22,Óptica Simlares,522221782320,522221782320,https://wa.me/522221782320?text=Hola%2C%20buen%20d%C3%ADa.%0A%0ASomos%20Nexo%20Local%20Studio.%20Hacemos%20p%C3%A1ginas%20web%20r%C3%A1pidas%20y%20profesionales%20para%20negocios%20locales%2C%20conectadas%20a%20WhatsApp%2C%20ubicaci%C3%B3n%20y%20formularios.%0A%0APueden%20ver%20nuestra%20p%C3%A1gina%20aqu%C3%AD%3A%0Ahttps%3A%2F%2Fnexo-local-studio-public.vercel.app%0A%0ATenemos%20precios%20de%20lanzamiento%20desde%20%242%2C500%20MXN.%0A%0ASi%20les%20interesa%2C%20podemos%20enviarles%20una%20propuesta%20breve.%20Si%20prefieren%20no%20recibir%20m%C3%A1s%20mensajes%2C%20pueden%20responder%20%E2%80%9Cbaja%E2%80%9D.,403,opened,Verification status: not_verified
2026-06-19T17:10:22,Óptica Mañe,529999244493,529999244493,https://wa.me/529999244493?text=Hola%2C%20buen%20d%C3%ADa.%0A%0ASomos%20Nexo%20Local%20Studio.%20Hacemos%20p%C3%A1ginas%20web%20r%C3%A1pidas%20y%20profesionales%20para%20negocios%20locales%2C%20conectadas%20a%20WhatsApp%2C%20ubicaci%C3%B3n%20y%20formularios.%0A%0APueden%20ver%20nuestra%20p%C3%A1gina%20aqu%C3%AD%3A%0Ahttps%3A%2F%2Fnexo-local-studio-public.vercel.app%0A%0ATenemos%20precios%20de%20lanzamiento%20desde%20%242%2C500%20MXN.%0A%0ASi%20les%20interesa%2C%20podemos%20enviarles%20una%20propuesta%20breve.%20Si%20prefieren%20no%20recibir%20m%C3%A1s%20mensajes%2C%20pueden%20responder%20%E2%80%9Cbaja%E2%80%9D.,403,opened,Verification status: not_verified
2026-06-19T17:10:22,Esqui crepas,525516972096,525516972096,https://wa.me/525516972096?text=Hola%2C%20buen%20d%C3%ADa.%0A%0ASomos%20Nexo%20Local%20Studio.%20Hacemos%20p%C3%A1ginas%20web%20r%C3%A1pidas%20y%20profesionales%20para%20negocios%20locales%2C%20conectadas%20a%20WhatsApp%2C%20ubicaci%C3%B3n%20y%20formularios.%0A%0APueden%20ver%20nuestra%20p%C3%A1gina%20aqu%C3%AD%3A%0Ahttps%3A%2F%2Fnexo-local-studio-public.vercel.app%0A%0ATenemos%20precios%20de%20lanzamiento%20desde%20%242%2C500%20MXN.%0A%0ASi%20les%20interesa%2C%20podemos%20enviarles%20una%20propuesta%20breve.%20Si%20prefieren%20no%20recibir%20m%C3%A1s%20mensajes%2C%20pueden%20responder%20%E2%80%9Cbaja%E2%80%9D.,403,opened,Verification status: not_verified
2026-06-19T17:10:22,Tori Sushi,524422455874,524422455874,https://wa.me/524422455874?text=Hola%2C%20buen%20d%C3%ADa.%0A%0ASomos%20Nexo%20Local%20Studio.%20Hacemos%20p%C3%A1ginas%20web%20r%C3%A1pidas%20y%20profesionales%20para%20negocios%20locales%2C%20conectadas%20a%20WhatsApp%2C%20ubicaci%C3%B3n%20y%20formularios.%0A%0APueden%20ver%20nuestra%20p%C3%A1gina%20aqu%C3%AD%3A%0Ahttps%3A%2F%2Fnexo-local-studio-public.vercel.app%0A%0ATenemos%20precios%20de%20lanzamiento%20desde%20%242%2C500%20MXN.%0A%0ASi%20les%20interesa%2C%20podemos%20enviarles%20una%20propuesta%20breve.%20Si%20prefieren%20no%20recibir%20m%C3%A1s%20mensajes%2C%20pueden%20responder%20%E2%80%9Cbaja%E2%80%9D.,403,opened,Verification status: not_verified
2026-06-19T17:10:22,Chef Silvano,528183381371,528183381371,https://wa.me/528183381371?text=Hola%2C%20buen%20d%C3%ADa.%0A%0ASomos%20Nexo%20Local%20Studio.%20Hacemos%20p%C3%A1ginas%20web%20r%C3%A1pidas%20y%20profesionales%20para%20negocios%20locales%2C%20conectadas%20a%20WhatsApp%2C%20ubicaci%C3%B3n%20y%20formularios.%0A%0APueden%20ver%20nuestra%20p%C3%A1gina%20aqu%C3%AD%3A%0Ahttps%3A%2F%2Fnexo-local-studio-public.vercel.app%0A%0ATenemos%20precios%20de%20lanzamiento%20desde%20%242%2C500%20MXN.%0A%0ASi%20les%20interesa%2C%20podemos%20enviarles%20una%20propuesta%20breve.%20Si%20prefieren%20no%20recibir%20m%C3%A1s%20mensajes%2C%20pueden%20responder%20%E2%80%9Cbaja%E2%80%9D.,403,opened,Verification status: not_verified
2026-06-19T17:10:22,El Guayabi,528125107257,528125107257,https://wa.me/528125107257?text=Hola%2C%20buen%20d%C3%ADa.%0A%0ASomos%20Nexo%20Local%20Studio.%20Hacemos%20p%C3%A1ginas%20web%20r%C3%A1pidas%20y%20profesionales%20para%20negocios%20locales%2C%20conectadas%20a%20WhatsApp%2C%20ubicaci%C3%B3n%20y%20formularios.%0A%0APueden%20ver%20nuestra%20p%C3%A1gina%20aqu%C3%AD%3A%0Ahttps%3A%2F%2Fnexo-local-studio-public.vercel.app%0A%0ATenemos%20precios%20de%20lanzamiento%20desde%20%242%2C500%20MXN.%0A%0ASi%20les%20interesa%2C%20podemos%20enviarles%20una%20propuesta%20breve.%20Si%20prefieren%20no%20recibir%20m%C3%A1s%20mensajes%2C%20pueden%20responder%20%E2%80%9Cbaja%E2%80%9D.,403,opened,Verification status: not_verified
2026-06-19T17:10:22,Tortillas Españolas Tillos,528136011179,528136011179,https://wa.me/528136011179?text=Hola%2C%20buen%20d%C3%ADa.%0A%0ASomos%20Nexo%20Local%20Studio.%20Hacemos%20p%C3%A1ginas%20web%20r%C3%A1pidas%20y%20profesionales%20para%20negocios%20locales%2C%20conectadas%20a%20WhatsApp%2C%20ubicaci%C3%B3n%20y%20formularios.%0A%0APueden%20ver%20nuestra%20p%C3%A1gina%20aqu%C3%AD%3A%0Ahttps%3A%2F%2Fnexo-local-studio-public.vercel.app%0A%0ATenemos%20precios%20de%20lanzamiento%20desde%20%242%2C500%20MXN.%0A%0ASi%20les%20interesa%2C%20podemos%20enviarles%20una%20propuesta%20breve.%20Si%20prefieren%20no%20recibir%20m%C3%A1s%20mensajes%2C%20pueden%20responder%20%E2%80%9Cbaja%E2%80%9D.,403,opened,Verification status: not_verified
2026-06-19T17:10:22,Terapias Orientales,529991914209,529991914209,https://wa.me/529991914209?text=Hola%2C%20buen%20d%C3%ADa.%0A%0ASomos%20Nexo%20Local%20Studio.%20Hacemos%20p%C3%A1ginas%20web%20r%C3%A1pidas%20y%20profesionales%20para%20negocios%20locales%2C%20conectadas%20a%20WhatsApp%2C%20ubicaci%C3%B3n%20y%20formularios.%0A%0APueden%20ver%20nuestra%20p%C3%A1gina%20aqu%C3%AD%3A%0Ahttps%3A%2F%2Fnexo-local-studio-public.vercel.app%0A%0ATenemos%20precios%20de%20lanzamiento%20desde%20%242%2C500%20MXN.%0A%0ASi%20les%20interesa%2C%20podemos%20enviarles%20una%20propuesta%20breve.%20Si%20prefieren%20no%20recibir%20m%C3%A1s%20mensajes%2C%20pueden%20responder%20%E2%80%9Cbaja%E2%80%9D.,403,opened,Verification status: not_verified
2026-06-19T17:10:22,Fisiointegrate Fisioterapia y Rehabilitación,524427134198,524427134198,https://wa.me/524427134198?text=Hola%2C%20buen%20d%C3%ADa.%0A%0ASomos%20Nexo%20Local%20Studio.%20Hacemos%20p%C3%A1ginas%20web%20r%C3%A1pidas%20y%20profesionales%20para%20negocios%20locales%2C%20conectadas%20a%20WhatsApp%2C%20ubicaci%C3%B3n%20y%20formularios.%0A%0APueden%20ver%20nuestra%20p%C3%A1gina%20aqu%C3%AD%3A%0Ahttps%3A%2F%2Fnexo-local-studio-public.vercel.app%0A%0ATenemos%20precios%20de%20lanzamiento%20desde%20%242%2C500%20MXN.%0A%0ASi%20les%20interesa%2C%20podemos%20enviarles%20una%20propuesta%20breve.%20Si%20prefieren%20no%20recibir%20m%C3%A1s%20mensajes%2C%20pueden%20responder%20%E2%80%9Cbaja%E2%80%9D.,403,opened,Verification status: not_verified
2026-06-19T17:10:22,KLEB,522221971107,522221971107,https://wa.me/522221971107?text=Hola%2C%20buen%20d%C3%ADa.%0A%0ASomos%20Nexo%20Local%20Studio.%20Hacemos%20p%C3%A1ginas%20web%20r%C3%A1pidas%20y%20profesionales%20para%20negocios%20locales%2C%20conectadas%20a%20WhatsApp%2C%20ubicaci%C3%B3n%20y%20formularios.%0A%0APueden%20ver%20nuestra%20p%C3%A1gina%20aqu%C3%AD%3A%0Ahttps%3A%2F%2Fnexo-local-studio-public.vercel.app%0A%0ATenemos%20precios%20de%20lanzamiento%20desde%20%242%2C500%20MXN.%0A%0ASi%20les%20interesa%2C%20podemos%20enviarles%20una%20propuesta%20breve.%20Si%20prefieren%20no%20recibir%20m%C3%A1s%20mensajes%2C%20pueden%20responder%20%E2%80%9Cbaja%E2%80%9D.,403,opened,Verification status: not_verified
2026-06-19T17:10:22,Ar Centro De Rehabilitacion Ortepedia Y Deporte,525536933739,525536933739,https://wa.me/525536933739?text=Hola%2C%20buen%20d%C3%ADa.%0A%0ASomos%20Nexo%20Local%20Studio.%20Hacemos%20p%C3%A1ginas%20web%20r%C3%A1pidas%20y%20profesionales%20para%20negocios%20locales%2C%20conectadas%20a%20WhatsApp%2C%20ubicaci%C3%B3n%20y%20formularios.%0A%0APueden%20ver%20nuestra%20p%C3%A1gina%20aqu%C3%AD%3A%0Ahttps%3A%2F%2Fnexo-local-studio-public.vercel.app%0A%0ATenemos%20precios%20de%20lanzamiento%20desde%20%242%2C500%20MXN.%0A%0ASi%20les%20interesa%2C%20podemos%20enviarles%20una%20propuesta%20breve.%20Si%20prefieren%20no%20recibir%20m%C3%A1s%20mensajes%2C%20pueden%20responder%20%E2%80%9Cbaja%E2%80%9D.,403,opened,Verification status: not_verified
2026-06-19T17:10:22,Fisio And Health,525552928989,525552928989,https://wa.me/525552928989?text=Hola%2C%20buen%20d%C3%ADa.%0A%0ASomos%20Nexo%20Local%20Studio.%20Hacemos%20p%C3%A1ginas%20web%20r%C3%A1pidas%20y%20profesionales%20para%20negocios%20locales%2C%20conectadas%20a%20WhatsApp%2C%20ubicaci%C3%B3n%20y%20formularios.%0A%0APueden%20ver%20nuestra%20p%C3%A1gina%20aqu%C3%AD%3A%0Ahttps%3A%2F%2Fnexo-local-studio-public.vercel.app%0A%0ATenemos%20precios%20de%20lanzamiento%20desde%20%242%2C500%20MXN.%0A%0ASi%20les%20interesa%2C%20podemos%20enviarles%20una%20propuesta%20breve.%20Si%20prefieren%20no%20recibir%20m%C3%A1s%20mensajes%2C%20pueden%20responder%20%E2%80%9Cbaja%E2%80%9D.,403,opened,Verification status: not_verified
2026-06-19T17:10:22,"Caamal, Caamal",529999258824,529999258824,https://wa.me/529999258824?text=Hola%2C%20buen%20d%C3%ADa.%0A%0ASomos%20Nexo%20Local%20Studio.%20Hacemos%20p%C3%A1ginas%20web%20r%C3%A1pidas%20y%20profesionales%20para%20negocios%20locales%2C%20conectadas%20a%20WhatsApp%2C%20ubicaci%C3%B3n%20y%20formularios.%0A%0APueden%20ver%20nuestra%20p%C3%A1gina%20aqu%C3%AD%3A%0Ahttps%3A%2F%2Fnexo-local-studio-public.vercel.app%0A%0ATenemos%20precios%20de%20lanzamiento%20desde%20%242%2C500%20MXN.%0A%0ASi%20les%20interesa%2C%20podemos%20enviarles%20una%20propuesta%20breve.%20Si%20prefieren%20no%20recibir%20m%C3%A1s%20mensajes%2C%20pueden%20responder%20%E2%80%9Cbaja%E2%80%9D.,403,opened,Verification status: not_verified
2026-06-19T17:10:22,CyC Abogados,525557634946,525557634946,https://wa.me/525557634946?text=Hola%2C%20buen%20d%C3%ADa.%0A%0ASomos%20Nexo%20Local%20Studio.%20Hacemos%20p%C3%A1ginas%20web%20r%C3%A1pidas%20y%20profesionales%20para%20negocios%20locales%2C%20conectadas%20a%20WhatsApp%2C%20ubicaci%C3%B3n%20y%20formularios.%0A%0APueden%20ver%20nuestra%20p%C3%A1gina%20aqu%C3%AD%3A%0Ahttps%3A%2F%2Fnexo-local-studio-public.vercel.app%0A%0ATenemos%20precios%20de%20lanzamiento%20desde%20%242%2C500%20MXN.%0A%0ASi%20les%20interesa%2C%20podemos%20enviarles%20una%20propuesta%20breve.%20Si%20prefieren%20no%20recibir%20m%C3%A1s%20mensajes%2C%20pueden%20responder%20%E2%80%9Cbaja%E2%80%9D.,403,opened,Verification status: not_verified
2026-06-19T17:10:22,Despacho Villalba Finanzas Integrales,525524193726,525524193726,https://wa.me/525524193726?text=Hola%2C%20buen%20d%C3%ADa.%0A%0ASomos%20Nexo%20Local%20Studio.%20Hacemos%20p%C3%A1ginas%20web%20r%C3%A1pidas%20y%20profesionales%20para%20negocios%20locales%2C%20conectadas%20a%20WhatsApp%2C%20ubicaci%C3%B3n%20y%20formularios.%0A%0APueden%20ver%20nuestra%20p%C3%A1gina%20aqu%C3%AD%3A%0Ahttps%3A%2F%2Fnexo-local-studio-public.vercel.app%0A%0ATenemos%20precios%20de%20lanzamiento%20desde%20%242%2C500%20MXN.%0A%0ASi%20les%20interesa%2C%20podemos%20enviarles%20una%20propuesta%20breve.%20Si%20prefieren%20no%20recibir%20m%C3%A1s%20mensajes%2C%20pueden%20responder%20%E2%80%9Cbaja%E2%80%9D.,403,opened,Verification status: not_verified
2026-06-19T17:10:22,Nutrición Cholula San Pedro Cholula!,522229609748,522229609748,https://wa.me/522229609748?text=Hola%2C%20buen%20d%C3%ADa.%0A%0ASomos%20Nexo%20Local%20Studio.%20Hacemos%20p%C3%A1ginas%20web%20r%C3%A1pidas%20y%20profesionales%20para%20negocios%20locales%2C%20conectadas%20a%20WhatsApp%2C%20ubicaci%C3%B3n%20y%20formularios.%0A%0APueden%20ver%20nuestra%20p%C3%A1gina%20aqu%C3%AD%3A%0Ahttps%3A%2F%2Fnexo-local-studio-public.vercel.app%0A%0ATenemos%20precios%20de%20lanzamiento%20desde%20%242%2C500%20MXN.%0A%0ASi%20les%20interesa%2C%20podemos%20enviarles%20una%20propuesta%20breve.%20Si%20prefieren%20no%20recibir%20m%C3%A1s%20mensajes%2C%20pueden%20responder%20%E2%80%9Cbaja%E2%80%9D.,403,opened,Verification status: not_verified
2026-06-19T17:10:22,Nutrition Club House,523310704170,523310704170,https://wa.me/523310704170?text=Hola%2C%20buen%20d%C3%ADa.%0A%0ASomos%20Nexo%20Local%20Studio.%20Hacemos%20p%C3%A1ginas%20web%20r%C3%A1pidas%20y%20profesionales%20para%20negocios%20locales%2C%20conectadas%20a%20WhatsApp%2C%20ubicaci%C3%B3n%20y%20formularios.%0A%0APueden%20ver%20nuestra%20p%C3%A1gina%20aqu%C3%AD%3A%0Ahttps%3A%2F%2Fnexo-local-studio-public.vercel.app%0A%0ATenemos%20precios%20de%20lanzamiento%20desde%20%242%2C500%20MXN.%0A%0ASi%20les%20interesa%2C%20podemos%20enviarles%20una%20propuesta%20breve.%20Si%20prefieren%20no%20recibir%20m%C3%A1s%20mensajes%2C%20pueden%20responder%20%E2%80%9Cbaja%E2%80%9D.,403,opened,Verification status: not_verified
2026-06-19T17:10:22,Arkos Arquitectura,523333618008,523333618008,https://wa.me/523333618008?text=Hola%2C%20buen%20d%C3%ADa.%0A%0ASomos%20Nexo%20Local%20Studio.%20Hacemos%20p%C3%A1ginas%20web%20r%C3%A1pidas%20y%20profesionales%20para%20negocios%20locales%2C%20conectadas%20a%20WhatsApp%2C%20ubicaci%C3%B3n%20y%20formularios.%0A%0APueden%20ver%20nuestra%20p%C3%A1gina%20aqu%C3%AD%3A%0Ahttps%3A%2F%2Fnexo-local-studio-public.vercel.app%0A%0ATenemos%20precios%20de%20lanzamiento%20desde%20%242%2C500%20MXN.%0A%0ASi%20les%20interesa%2C%20podemos%20enviarles%20una%20propuesta%20breve.%20Si%20prefieren%20no%20recibir%20m%C3%A1s%20mensajes%2C%20pueden%20responder%20%E2%80%9Cbaja%E2%80%9D.,403,opened,Verification status: not_verified
2026-06-19T17:10:22,DIMAStudio Diseño y Arquitectura,523331564296,523331564296,https://wa.me/523331564296?text=Hola%2C%20buen%20d%C3%ADa.%0A%0ASomos%20Nexo%20Local%20Studio.%20Hacemos%20p%C3%A1ginas%20web%20r%C3%A1pidas%20y%20profesionales%20para%20negocios%20locales%2C%20conectadas%20a%20WhatsApp%2C%20ubicaci%C3%B3n%20y%20formularios.%0A%0APueden%20ver%20nuestra%20p%C3%A1gina%20aqu%C3%AD%3A%0Ahttps%3A%2F%2Fnexo-local-studio-public.vercel.app%0A%0ATenemos%20precios%20de%20lanzamiento%20desde%20%242%2C500%20MXN.%0A%0ASi%20les%20interesa%2C%20podemos%20enviarles%20una%20propuesta%20breve.%20Si%20prefieren%20no%20recibir%20m%C3%A1s%20mensajes%2C%20pueden%20responder%20%E2%80%9Cbaja%E2%80%9D.,403,opened,Verification status: not_verified
